bg_mean,bg_std,bg_skew,bg_kurt,glcm_contrast,glcm_homogeneity,glcm_energy,glcm_correlation,grad_mean,grad_std,lbp_entropy,cluster_id,cluster_label,n_images
-0.78020424,-2.1650028,1.0623419,1.3338816,-2.012982,2.0534897,1.7634832,0.98338693,-2.118133,-2.1865015,2.054157,0,PALSAR: Calm sea / low-wind,81
-0.20113195,0.524656,-0.05957364,-0.092331015,0.8272118,-0.6428558,-0.4097361,-0.74645543,0.72433,0.71842635,-0.66219103,1,PALSAR: Rough sea / high-wind,360
0.40478823,-0.040331118,-0.19284536,-0.22329924,-0.40222308,0.1943149,0.0139190005,0.5643869,-0.2662389,-0.2433638,0.21493155,2,PALSAR: Moderate sea,335
1.1529777,1.2339576,-0.2991289,-0.33122143,1.1915656,-1.0362785,-0.95233494,-0.3120637,1.2445829,1.2248623,-0.0017560102,3,SENTINEL: Rough sea / high-wind,269
-0.5310738,-0.5836253,0.018513056,0.0066024903,-0.5605086,0.4807428,0.43585253,0.14719366,-0.5883018,-0.58402485,0.01877509,4,SENTINEL: Moderate sea,558
-1.1509792,-0.5226407,5.844616,7.1178646,-0.6472782,0.87536526,1.0810373,0.15092164,-0.54336715,-0.3001791,-0.83367795,5,SENTINEL: Calm sea / low-wind,12
