Reference,Baseline,n_images,mean_dIoU,dIoU_CI95_lo,dIoU_CI95_hi,mean_dRecall,dRecall_CI95_lo,dRecall_CI95_hi,n_ref_better,n_baseline_better,p_mcnemar,p_wilcoxon
ViT-UNet (4-skip),CBD-Net,1615,0.136696,0.125731,0.147965,0.220111,0.205793,0.234511,1039,301,0.000000,0.000000
ViT-UNet (4-skip),DAENet,1615,0.173322,0.160876,0.185756,0.247117,0.231493,0.262746,1093,246,0.000000,0.000000
ViT-UNet (4-skip),DS-UNet,1615,0.121914,0.111186,0.132515,0.193016,0.179148,0.206730,1034,308,0.000000,0.000000
ViT-UNet (4-skip),DeepLabV3+,1615,0.155255,0.144130,0.166607,0.240724,0.225469,0.256353,1081,270,0.000000,0.000000
ViT-UNet (4-skip),LRA-UNet,1615,0.166831,0.155146,0.178626,0.252719,0.237595,0.267843,1095,244,0.000000,0.000000
ViT-UNet (4-skip),SegFormer,1615,0.137114,0.126137,0.148285,0.214097,0.199796,0.228232,1055,285,0.000000,0.000000
ViT-UNet (4-skip),TransUNet,1615,0.108046,0.098318,0.117912,0.173927,0.160501,0.187539,984,382,0.000000,0.000000
ViT-UNet (4-skip),U-Net,1615,0.112306,0.101151,0.123573,0.186957,0.173041,0.200540,990,359,0.000000,0.000000
ViT-UNet (4-skip),ViT-UNet,1615,0.125157,0.114568,0.135869,0.211838,0.199050,0.224653,1082,259,0.000000,0.000000
